category,company,description,title,review,stars,clean,sentiment,sentiment_score,topic
Events & Entertainment,www.ticketmaster.co.uk,"Ticketmaster: All your entertainment needs under one virtual roof with tickets for theatre, concerts, sport, family events, clubs and more.",Les Mis Spectacular ,"The Les Mis Spectacular is just that, spectacular! Fantastic show, with an amazing cast, only let down by Newcastle’s dreadfully outdated arena! £80-£90 to sit on small, hard plastic seats for 4hrs is a little insulting. ",5,the les mis spectacular is just that spectacular fantastic show with an amazing cast only let down by newcastle s dreadfully outdated arena to sit on small hard plastic seats for hrs is a little insulting,NEGATIVE,0.9902322292327881,0
Events & Entertainment,www.ticketmaster.co.uk,"Ticketmaster: All your entertainment needs under one virtual roof with tickets for theatre, concerts, sport, family events, clubs and more.",Abba Voyage is a must it’s an excellent…,Abba Voyage is a must it’s an excellent show but the venue and staff are amazingThey are happy dancing and polite which is not often the case at other venuesEasy to get to via DLR We used the little bar outside for food and drink beforehand all cooked to order and a glitter bar for those who want some glam plus a dance floor for your warm up moves ,5,abba voyage is a must it s an excellent show but the venue and staff are amazingthey are happy dancing and polite which is not often the case at other venueseasy to get to via dlr we used the little bar outside for food and drink beforehand all cooked to order and a glitter bar for those who want some glam plus a dance floor for your warm up moves,POSITIVE,0.9996562004089355,0
Events & Entertainment,www.ticketmaster.co.uk,"Ticketmaster: All your entertainment needs under one virtual roof with tickets for theatre, concerts, sport, family events, clubs and more.",Les Miz. arena event,"Brilliant,  everything went smoothly and constantly informed through e mails regarding updates for event. Show was absolutely fantastic, the cast were brilliant, well worth the money and wait ",5,brilliant everything went smoothly and constantly informed through e mails regarding updates for event show was absolutely fantastic the cast were brilliant well worth the money and wait,POSITIVE,0.9998610019683838,0
Events & Entertainment,www.ticketmaster.co.uk,"Ticketmaster: All your entertainment needs under one virtual roof with tickets for theatre, concerts, sport, family events, clubs and more.",Amazing ,Honest the vibes and energy was amazing. Great treat for any abba lover.I will say however there were some people on the dance floor that weren’t pleased when people started dancing around them. IT A DANCEFLOOR FOR A REASON ! I am aware it’s not done to the venue just some people should consider their environment and what they booked for.,5,honest the vibes and energy was amazing great treat for any abba lover i will say however there were some people on the dance floor that weren t pleased when people started dancing around them it a dancefloor for a reason i am aware it s not done to the venue just some people should consider their environment and what they booked for,POSITIVE,0.9969557523727417,0
Events & Entertainment,www.ticketmaster.co.uk,"Ticketmaster: All your entertainment needs under one virtual roof with tickets for theatre, concerts, sport, family events, clubs and more.",Excellent service offered by Ticketmaster.,Excellent service offered by Ticketmaster. Only needed to screenshot QR e-tickets and show these at the arena. Also very clear instructions provided which made it a very enjoyable evening with no stress. Many thanks.,5,excellent service offered by ticketmaster only needed to screenshot qr e tickets and show these at the arena also very clear instructions provided which made it a very enjoyable evening with no stress many thanks,POSITIVE,0.999821126461029,1
Events & Entertainment,www.ticketmaster.co.uk,"Ticketmaster: All your entertainment needs under one virtual roof with tickets for theatre, concerts, sport, family events, clubs and more.",Les Miserable Arena Spectacular ,"We went to see Les Miserable at The arena spectacular at Gateshead , everything was ran well from security to food and drinks . The show was absolutely fantastic from start to finish hence why they got what I would say was the longest standing ovation . The experience was brilliant from start to end .",5,we went to see les miserable at the arena spectacular at gateshead everything was ran well from security to food and drinks the show was absolutely fantastic from start to finish hence why they got what i would say was the longest standing ovation the experience was brilliant from start to end,POSITIVE,0.9997450709342957,0
Events & Entertainment,www.ticketmaster.co.uk,"Ticketmaster: All your entertainment needs under one virtual roof with tickets for theatre, concerts, sport, family events, clubs and more.",Very Efficient,Ticketmaster are good about keeping you informed with details about the show booked and if there is anything that you need help with they are there for you.  Tickets are easy to get on your mobile for entry at the door.  They also keep you updated of other events that you may be interested in.,5,ticketmaster are good about keeping you informed with details about the show booked and if there is anything that you need help with they are there for you tickets are easy to get on your mobile for entry at the door they also keep you updated of other events that you may be interested in,POSITIVE,0.9972860813140869,1
Events & Entertainment,www.ticketmaster.co.uk,"Ticketmaster: All your entertainment needs under one virtual roof with tickets for theatre, concerts, sport, family events, clubs and more.",Les Miserable stage show ,My husband and I required assistance at arena. We were met by medics who took us to our seats snd when the show finished they assisted us back to our daughters car. Nothing was to much trouble. The show was amazing and we can't wait to visit again!! Well done everyone ,5,my husband and i required assistance at arena we were met by medics who took us to our seats snd when the show finished they assisted us back to our daughters car nothing was to much trouble the show was amazing and we can t wait to visit again well done everyone,POSITIVE,0.9996042847633362,0
Events & Entertainment,www.ticketmaster.co.uk,"Ticketmaster: All your entertainment needs under one virtual roof with tickets for theatre, concerts, sport, family events, clubs and more.",the bootleg Beatles ,"the bootleg Beatles were again amazing, a different show every year,the theatre itself has always had a sound quality second to none and the staff polite and courteous very professional.unfortunately as is the norm at most venues the prices for drinks etc are extravagant.",5,the bootleg beatles were again amazing a different show every year the theatre itself has always had a sound quality second to none and the staff polite and courteous very professional unfortunately as is the norm at most venues the prices for drinks etc are extravagant,POSITIVE,0.9287640452384949,0
Events & Entertainment,www.ticketmaster.co.uk,"Ticketmaster: All your entertainment needs under one virtual roof with tickets for theatre, concerts, sport, family events, clubs and more.",Abba voyage a great night out,I bought the tickets for Abba Voyage from Ticketmaster. I used the Ticketmaster app to gain entry to the event. The app was easy to use. The venue was great clean and well laid out. The show itself was spectacular and was a brilliant night. The staff at the venue were very friendly and encouraged audience participation waving arms etc. A great night,5,i bought the tickets for abba voyage from ticketmaster i used the ticketmaster app to gain entry to the event the app was easy to use the venue was great clean and well laid out the show itself was spectacular and was a brilliant night the staff at the venue were very friendly and encouraged audience participation waving arms etc a great night,POSITIVE,0.9997943043708801,-1
Events & Entertainment,www.ticketmaster.co.uk,"Ticketmaster: All your entertainment needs under one virtual roof with tickets for theatre, concerts, sport, family events, clubs and more.",Ticket master great ,"Ticket master great , but Snow White and seven drag queens was rubbish, came out after interval , Scarlet Moffat didn’t even turn up ",5,ticket master great but snow white and seven drag queens was rubbish came out after interval scarlet moffat didn t even turn up,NEGATIVE,0.9996515512466431,-1
Events & Entertainment,www.ticketmaster.co.uk,"Ticketmaster: All your entertainment needs under one virtual roof with tickets for theatre, concerts, sport, family events, clubs and more.",Enjoyed going to the fireworks,Enjoyed going to the fireworks. It was really easy buying the tickets and getting updates regarding them. Just wished if the portable toilets were placed in designated areas not all over the venue at small distances. It made the smell a bit unpleasant. Moreover the audio wasn’t that good either. Speakers were placed at a very large distance making it difficult to hear and enjoy the show. ,5,enjoyed going to the fireworks it was really easy buying the tickets and getting updates regarding them just wished if the portable toilets were placed in designated areas not all over the venue at small distances it made the smell a bit unpleasant moreover the audio wasn t that good either speakers were placed at a very large distance making it difficult to hear and enjoy the show,NEGATIVE,0.9995449185371399,0
Events & Entertainment,www.ticketmaster.co.uk,"Ticketmaster: All your entertainment needs under one virtual roof with tickets for theatre, concerts, sport, family events, clubs and more.",Everything went very smoothly,"Everything went very smoothly, staff/security at venue could not be faulted, only complaint I could make is that drinks very expensive.The show was one of the best I have seen",5,everything went very smoothly staff security at venue could not be faulted only complaint i could make is that drinks very expensive the show was one of the best i have seen,POSITIVE,0.9994922876358032,0
Events & Entertainment,www.ticketmaster.co.uk,"Ticketmaster: All your entertainment needs under one virtual roof with tickets for theatre, concerts, sport, family events, clubs and more.",Post Christmas cheer up ,"The performance of Les Miserables the arena spectacular was fantastic , The stage setting was very impressive and the cast were unbelievable especially Alfie Boe.We’ll run venue professional stewards and cleaning crew. Approach to venue was well gritted as the weather was freezing and was a safe environment Unfortunately over priced drinks & snacks but it’s your choice ",5,the performance of les miserables the arena spectacular was fantastic the stage setting was very impressive and the cast were unbelievable especially alfie boe we ll run venue professional stewards and cleaning crew approach to venue was well gritted as the weather was freezing and was a safe environment unfortunately over priced drinks snacks but it s your choice,POSITIVE,0.7717215418815613,0
Events & Entertainment,www.ticketmaster.co.uk,"Ticketmaster: All your entertainment needs under one virtual roof with tickets for theatre, concerts, sport, family events, clubs and more.",It was an outstanding production,It was an outstanding production. The set the cast etc were amazing. Alfie Boe was fantastic- what a voice. I came away exhilarated! Well done everyone. A first class show.,5,it was an outstanding production the set the cast etc were amazing alfie boe was fantastic what a voice i came away exhilarated well done everyone a first class show,POSITIVE,0.9998656511306763,0
Events & Entertainment,www.ticketmaster.co.uk,"Ticketmaster: All your entertainment needs under one virtual roof with tickets for theatre, concerts, sport, family events, clubs and more.",Great Customer Service,I needed to change the date of our theatre trip due to an unwell family member being in hospital. Louie E from the Fan Support team dealt with my request quickly and efficiently and was able to easily change it for us. This was a relief at a stressful time. ,5,i needed to change the date of our theatre trip due to an unwell family member being in hospital louie e from the fan support team dealt with my request quickly and efficiently and was able to easily change it for us this was a relief at a stressful time,POSITIVE,0.9959828853607178,1
Events & Entertainment,www.ticketmaster.co.uk,"Ticketmaster: All your entertainment needs under one virtual roof with tickets for theatre, concerts, sport, family events, clubs and more.",Les Miserables ,From buying the tickets to attending the event was easy with Ticketmaster. They sent emails prior to the event with information regarding the venue and what to expect. This was very useful.,5,from buying the tickets to attending the event was easy with ticketmaster they sent emails prior to the event with information regarding the venue and what to expect this was very useful,POSITIVE,0.5820435285568237,1
Events & Entertainment,www.ticketmaster.co.uk,"Ticketmaster: All your entertainment needs under one virtual roof with tickets for theatre, concerts, sport, family events, clubs and more.",Recommend using ATG ,Ordering process was really easy using ATG site. Tickets were loaded to my Google wallet and processed quickly and easily at the venue. Overall a great experience.  Les Mis performance was amazing. ,5,ordering process was really easy using atg site tickets were loaded to my google wallet and processed quickly and easily at the venue overall a great experience les mis performance was amazing,POSITIVE,0.9953385591506958,1
Events & Entertainment,www.ticketmaster.co.uk,"Ticketmaster: All your entertainment needs under one virtual roof with tickets for theatre, concerts, sport, family events, clubs and more.",I had an issue with receiving payment…,"I had an issue with receiving payment for some tickets I had sold. My account wasn't set up correctly on the app to receive the payment. The chat bot was pretty useless but pointed me to human help and I received an email from a Clarisse G who replied to my emails quickly, followed up my queries and who sorted the issue out for me. I have been really impressed by this service after initially being really disappointed by not receiving the payment. Thankyou",5,i had an issue with receiving payment for some tickets i had sold my account wasn t set up correctly on the app to receive the payment the chat bot was pretty useless but pointed me to human help and i received an email from a clarisse g who replied to my emails quickly followed up my queries and who sorted the issue out for me i have been really impressed by this service after initially being really disappointed by not receiving the payment thankyou,POSITIVE,0.979119598865509,1
Events & Entertainment,www.ticketmaster.co.uk,"Ticketmaster: All your entertainment needs under one virtual roof with tickets for theatre, concerts, sport, family events, clubs and more.",Ticketmaster theatre ticket exchange,"I was given tickets to see Leş Mis in March 2025 but already have plans for that date. The tickets included cancellation or exchange cover.After emailing the help line I received an immediate reply and follow ups confirming my tickets could be changed. It was easy to select another date. The only downside was new tickets have to be at the same value or higher and the date I first chose did not have seats at the same price. My new tickets have been sent to me so I can print them. Very impressed with the quick and helpful response from Louie, especially over New years eve.Thank you! ",5,i was given tickets to see le mis in march but already have plans for that date the tickets included cancellation or exchange cover after emailing the help line i received an immediate reply and follow ups confirming my tickets could be changed it was easy to select another date the only downside was new tickets have to be at the same value or higher and the date i first chose did not have seats at the same price my new tickets have been sent to me so i can print them very impressed with the quick and helpful response from louie especially over new years eve thank you,NEGATIVE,0.9917674660682678,1
Events & Entertainment,www.ticketmaster.co.uk,"Ticketmaster: All your entertainment needs under one virtual roof with tickets for theatre, concerts, sport, family events, clubs and more.",Easy to buy our tickets,"Easy to buy our tickets.  When the app updated I was worried I would lose the tickets, but thank goodness no errors! Not an issue from Ticketmaster, but paid for insurance had to email to get insurance policy from company, weeks later with no apologies why I had not received it from them, appeared the policy in my inbox.  At the arena the tickets in my google wallet did not work, told to go to the box office for paper tickets, which we did, then entered venue with no further issue.  Quite happy with paper tickets as I now have a keepsake of the event! ",4,easy to buy our tickets when the app updated i was worried i would lose the tickets but thank goodness no errors not an issue from ticketmaster but paid for insurance had to email to get insurance policy from company weeks later with no apologies why i had not received it from them appeared the policy in my inbox at the arena the tickets in my google wallet did not work told to go to the box office for paper tickets which we did then entered venue with no further issue quite happy with paper tickets as i now have a keepsake of the event,NEGATIVE,0.9987152814865112,1
Events & Entertainment,www.ticketmaster.co.uk,"Ticketmaster: All your entertainment needs under one virtual roof with tickets for theatre, concerts, sport, family events, clubs and more.",Brilliant performance,Brilliant performance. The only pointers would be:(a) often the cast were looking out into the audience rather than looking at each-other - which seemed odd.  (b) drinks prices - disgraceful. ,4,brilliant performance the only pointers would be a often the cast were looking out into the audience rather than looking at each other which seemed odd b drinks prices disgraceful,NEGATIVE,0.539711594581604,0
Events & Entertainment,www.ticketmaster.co.uk,"Ticketmaster: All your entertainment needs under one virtual roof with tickets for theatre, concerts, sport, family events, clubs and more.",An easy booking process.,"The booking process was really easy and gave very detailed explanations of seating plans etc. The only reason that I didn’t give 5 stars, is because I felt pressured by Ticketmaster to download their app. I was inundated with messages from them inferring that if I did not have the app I might not be able to get into the venue. This was quite annoying!",4,the booking process was really easy and gave very detailed explanations of seating plans etc the only reason that i didn t give stars is because i felt pressured by ticketmaster to download their app i was inundated with messages from them inferring that if i did not have the app i might not be able to get into the venue this was quite annoying,NEGATIVE,0.9987066984176636,1
Events & Entertainment,www.ticketmaster.co.uk,"Ticketmaster: All your entertainment needs under one virtual roof with tickets for theatre, concerts, sport, family events, clubs and more.",Les Miserables through good UnderstudiesEnjoyed the show,"Enjoyed the show - although very disappointed not to have Alfie Boe & Michael Ball performing - apparently they had performed the evening before, Friday 3rd January, but not Saturday 4th January! I bought the tickets in July 2024 to see Boe & Ball performing, however had no notification to say they would be absent from the show! I have also read a few other reviews from people who have had the same complaint. ",4,enjoyed the show although very disappointed not to have alfie boe michael ball performing apparently they had performed the evening before friday rd january but not saturday th january i bought the tickets in july to see boe ball performing however had no notification to say they would be absent from the show i have also read a few other reviews from people who have had the same complaint,POSITIVE,0.9003180265426636,0
Events & Entertainment,www.ticketmaster.co.uk,"Ticketmaster: All your entertainment needs under one virtual roof with tickets for theatre, concerts, sport, family events, clubs and more.",Ice Skating - Battersea Power Station,"A well organised venie and event.  It did not effect me, but if we had gone the day before when it was pouring with rain it would have been a different matter.  Perhaps a covered event would be better.  One disappointement was the condiontion of the ice.  It was very uneven and made for difficult skating.  A better ice management should be considered for similar events in the future.",4,a well organised venie and event it did not effect me but if we had gone the day before when it was pouring with rain it would have been a different matter perhaps a covered event would be better one disappointement was the condiontion of the ice it was very uneven and made for difficult skating a better ice management should be considered for similar events in the future,NEGATIVE,0.9989022016525269,1
Events & Entertainment,www.ticketmaster.co.uk,"Ticketmaster: All your entertainment needs under one virtual roof with tickets for theatre, concerts, sport, family events, clubs and more.",Unable to sign into app,"Unable to sign into app, would not open the sign in page. Not a good app and wouldn’t recommend using it.Fortunately I found a very helpful customer service operative who helped me get to my tickets.",4,unable to sign into app would not open the sign in page not a good app and wouldn t recommend using it fortunately i found a very helpful customer service operative who helped me get to my tickets,NEGATIVE,0.6679975390434265,1
Events & Entertainment,www.ticketmaster.co.uk,"Ticketmaster: All your entertainment needs under one virtual roof with tickets for theatre, concerts, sport, family events, clubs and more.",50/50 chances to see the main show played by Ball and Boe and co..,"Great show and a must see but didn't expect  to not see the Boe and Ball. Éponine: Emily Bautista also didn't play and the stand in was the worst Eponine I have ever seen. It shocks and upsets me to put this, after years of waiting to see this amazing tour and show. I was at the Newcastle Saturday 7.30 show. All throughout the show I thought they may do a change, then I thought they may show them sell in the show finally and maybe do a song but no. Please keep this in mind before going to the show as a wouldn't like to see another les miserables fan be disappointed. Les rocks is the worst saying to to be put on the merchandise in my opinion. I still bought a few things.",4,great show and a must see but didn t expect to not see the boe and ball ponine emily bautista also didn t play and the stand in was the worst eponine i have ever seen it shocks and upsets me to put this after years of waiting to see this amazing tour and show i was at the newcastle saturday show all throughout the show i thought they may do a change then i thought they may show them sell in the show finally and maybe do a song but no please keep this in mind before going to the show as a wouldn t like to see another les miserables fan be disappointed les rocks is the worst saying to to be put on the merchandise in my opinion i still bought a few things,NEGATIVE,0.9982247948646545,0
Events & Entertainment,www.ticketmaster.co.uk,"Ticketmaster: All your entertainment needs under one virtual roof with tickets for theatre, concerts, sport, family events, clubs and more.", AO Arena Les Miserables Excellent Concert,"Ease of access to the floor section of AO arena now and updated facilities. New Ticketmaster App works well for mobile tickets. The concert overall was excellent with superb singers and actors.However, some  people were disappointed with not seeing Boe and Ball since nowhere in the ticket purchases did it mention when this duo were performing in Les Miserables?  Can this be rectified in future? For other shows this is done eg Grease and Sister Act in London!",4,ease of access to the floor section of ao arena now and updated facilities new ticketmaster app works well for mobile tickets the concert overall was excellent with superb singers and actors however some people were disappointed with not seeing boe and ball since nowhere in the ticket purchases did it mention when this duo were performing in les miserables can this be rectified in future for other shows this is done eg grease and sister act in london,NEGATIVE,0.955020546913147,0
Events & Entertainment,www.ticketmaster.co.uk,"Ticketmaster: All your entertainment needs under one virtual roof with tickets for theatre, concerts, sport, family events, clubs and more.",Amazing acoustics ! ,Service at the venue was excellent. Friday’s performance was amazing. The cast was unbelievable and the acoustics in the arena were as crystal clear. I purchased tickets in December 23 and then found out that Alfie Boe would be performing on the Sunday afternoon so bought more tickets. Disappointed as I found out from a member of the audience that Alfie wouldn’t be  performing. Very upset crowd at the news of this. Excellent customer service at the AO arena. ,4,service at the venue was excellent friday s performance was amazing the cast was unbelievable and the acoustics in the arena were as crystal clear i purchased tickets in december and then found out that alfie boe would be performing on the sunday afternoon so bought more tickets disappointed as i found out from a member of the audience that alfie wouldn t be performing very upset crowd at the news of this excellent customer service at the ao arena,POSITIVE,0.9758839011192322,0
Events & Entertainment,www.ticketmaster.co.uk,"Ticketmaster: All your entertainment needs under one virtual roof with tickets for theatre, concerts, sport, family events, clubs and more.",Mostly good but some things not great,"Thought most things were great but, from my point of view as an older lady, the rather vertiginous steps - without handrails -  to the seats were a bit of a challenge in both directions... My husband also found the seats rather hard and uncomfortable, especially for that length of performance - he was looking forward to the end of the show so that he could move. Hence, one star deducted. But otherwise really enjoyed the experience and the helpers were very good.",4,thought most things were great but from my point of view as an older lady the rather vertiginous steps without handrails to the seats were a bit of a challenge in both directions my husband also found the seats rather hard and uncomfortable especially for that length of performance he was looking forward to the end of the show so that he could move hence one star deducted but otherwise really enjoyed the experience and the helpers were very good,POSITIVE,0.6278715133666992,0
Events & Entertainment,www.ticketmaster.co.uk,"Ticketmaster: All your entertainment needs under one virtual roof with tickets for theatre, concerts, sport, family events, clubs and more.",The show was fantastic but very…,The show was fantastic but very disappointed that Alfie Boe didn’t perform and no mention in the arena . I booked these tickets specifically as SF on as they came on sale as both Michael Ball and Alfie Boe were performing together. I  m understand things happen and people fall ill but to not mention it at the venue is unacceptable ,4,the show was fantastic but very disappointed that alfie boe didn t perform and no mention in the arena i booked these tickets specifically as sf on as they came on sale as both michael ball and alfie boe were performing together i m understand things happen and people fall ill but to not mention it at the venue is unacceptable,NEGATIVE,0.9978978633880615,0
Events & Entertainment,www.ticketmaster.co.uk,"Ticketmaster: All your entertainment needs under one virtual roof with tickets for theatre, concerts, sport, family events, clubs and more.",Show was amazing,Show was amazing. Disappointed we didn’t see Alfie Boe and no explanation given for his absence. Seemed a bit chaotic getting out as other people arriving for 2nd show as we were leaving first show. ,4,show was amazing disappointed we didn t see alfie boe and no explanation given for his absence seemed a bit chaotic getting out as other people arriving for nd show as we were leaving first show,NEGATIVE,0.9982170462608337,0
Events & Entertainment,www.ticketmaster.co.uk,"Ticketmaster: All your entertainment needs under one virtual roof with tickets for theatre, concerts, sport, family events, clubs and more.",Les Miserables Arena Tour,Les Miserables Arena Tour - 5 star performances but seats and view poor for how much we paid in Block A,4,les miserables arena tour star performances but seats and view poor for how much we paid in block a,NEGATIVE,0.9993091821670532,0
Events & Entertainment,www.ticketmaster.co.uk,"Ticketmaster: All your entertainment needs under one virtual roof with tickets for theatre, concerts, sport, family events, clubs and more.",The show was amazing but those stairs…,The show was amazing but those stairs are horrendous and shouldn’t be allowed for the elderly. I had to turn back thankfully kind people were very helpful getting back up the few stairs I’d managed. I just wish a member of staff had advised us to go down to the bottom initially and walk up to the few stairs that was needed to get to my seat.,4,the show was amazing but those stairs are horrendous and shouldn t be allowed for the elderly i had to turn back thankfully kind people were very helpful getting back up the few stairs i d managed i just wish a member of staff had advised us to go down to the bottom initially and walk up to the few stairs that was needed to get to my seat,NEGATIVE,0.9462850689888,0
Events & Entertainment,www.ticketmaster.co.uk,"Ticketmaster: All your entertainment needs under one virtual roof with tickets for theatre, concerts, sport, family events, clubs and more.",The show was amazing,"The show was amazingThe champagne experience was goodThe lack of direction of where to go was appalling. We were misdirected on several occasions, sent to the wrong entrance  and after the food and champagne sent in completely the wrong direction for our seat. It would have helped if we had had directions by email beforehand. This was the only flaw in what was a brilliant night.",4,the show was amazingthe champagne experience was goodthe lack of direction of where to go was appalling we were misdirected on several occasions sent to the wrong entrance and after the food and champagne sent in completely the wrong direction for our seat it would have helped if we had had directions by email beforehand this was the only flaw in what was a brilliant night,NEGATIVE,0.5234930515289307,0
Events & Entertainment,www.ticketmaster.co.uk,"Ticketmaster: All your entertainment needs under one virtual roof with tickets for theatre, concerts, sport, family events, clubs and more.",Les Miserables in Newcastle ,"Event   - Brilliant. I use Ticketmaster regularly, Booking procedure getting better, but still needs some improvement on checkout.  A customer service team support team as not everybody is comfortable still online. ",4,event brilliant i use ticketmaster regularly booking procedure getting better but still needs some improvement on checkout a customer service team support team as not everybody is comfortable still online,NEGATIVE,0.9989523887634277,1
Events & Entertainment,www.ticketmaster.co.uk,"Ticketmaster: All your entertainment needs under one virtual roof with tickets for theatre, concerts, sport, family events, clubs and more.",A brilliant performance ,The showcase brilliant with the added bonus of Alfie Bow and Micheal Ball.  Accessories to the arena was great but extremely busy but well sign posted. We had a problem with the self service system took money twice out of the bank card we hope we can sort it. Two large screens allowed you to see what was happening on stage. Sound effects good but rather loud which distorted the singing. No sets like a therater but not really a problem. ,4,the showcase brilliant with the added bonus of alfie bow and micheal ball accessories to the arena was great but extremely busy but well sign posted we had a problem with the self service system took money twice out of the bank card we hope we can sort it two large screens allowed you to see what was happening on stage sound effects good but rather loud which distorted the singing no sets like a therater but not really a problem,NEGATIVE,0.9946717619895935,0
Events & Entertainment,www.ticketmaster.co.uk,"Ticketmaster: All your entertainment needs under one virtual roof with tickets for theatre, concerts, sport, family events, clubs and more.",Les Miz,"Les Miz, The World Arena tour in Manchester, matinee on 27th was absolutely superb, having seen Les Mis 17 times previously imo this latest was The Best.Only observation the arena itself was cold and imo not safe for access egress.",4,les miz the world arena tour in manchester matinee on th was absolutely superb having seen les mis times previously imo this latest was the best only observation the arena itself was cold and imo not safe for access egress,POSITIVE,0.9235663414001465,0
Events & Entertainment,www.ticketmaster.co.uk,"Ticketmaster: All your entertainment needs under one virtual roof with tickets for theatre, concerts, sport, family events, clubs and more.",All very streamlined and no problems in…,All very streamlined and no problems in what was a great night out and a wonderful experience. I found the reminders and prompts very helpful.,4,all very streamlined and no problems in what was a great night out and a wonderful experience i found the reminders and prompts very helpful,POSITIVE,0.9998502731323242,0
Events & Entertainment,www.ticketmaster.co.uk,"Ticketmaster: All your entertainment needs under one virtual roof with tickets for theatre, concerts, sport, family events, clubs and more.",The slickness and welcoming and…,"The slickness and welcoming and friendly staff for hospitality lounge was brilliant. Unfortunately they missed humour table out for ordering when we sat down which lead to our meal being rushed and me still chewing my food as we were moved to our seat. Saying that, once we told a manager he made sure we were served and apologised a lot. He was great. The food was absolutely top notch and beautiful. We had our desert during the interval. As everything was so nice I won’t hold it against them!! We had a great experience and felt very special in the end. Ticketmaster could explain a bit more on the hospitality ticket about where and when to enter to avoid the rush for the meal. Even though it is slick. I didn’t really know how it would work or which part to go to with my elderly mum. ",4,the slickness and welcoming and friendly staff for hospitality lounge was brilliant unfortunately they missed humour table out for ordering when we sat down which lead to our meal being rushed and me still chewing my food as we were moved to our seat saying that once we told a manager he made sure we were served and apologised a lot he was great the food was absolutely top notch and beautiful we had our desert during the interval as everything was so nice i won t hold it against them we had a great experience and felt very special in the end ticketmaster could explain a bit more on the hospitality ticket about where and when to enter to avoid the rush for the meal even though it is slick i didn t really know how it would work or which part to go to with my elderly mum,POSITIVE,0.9916623830795288,0
Events & Entertainment,www.ticketmaster.co.uk,"Ticketmaster: All your entertainment needs under one virtual roof with tickets for theatre, concerts, sport, family events, clubs and more.","Fantastic show, venu seating awful","Fantastic show, all cast super singers.Issues with block B seating offered very poor visibility of the stage and lack of space between rows and those sitting either side of you made this a very uncomfortable few hours. Never been to a show where seating so bad in terms of view and lack of space. My wife only able to see utilizing the large video screens and I having to head dodge those in front of me to see and a lot unseen unless also using the video screens. Seating spoilt the overall experience tbh. Will not book floor seating again if I ever come back to Newcastle Arena.",3,fantastic show all cast super singers issues with block b seating offered very poor visibility of the stage and lack of space between rows and those sitting either side of you made this a very uncomfortable few hours never been to a show where seating so bad in terms of view and lack of space my wife only able to see utilizing the large video screens and i having to head dodge those in front of me to see and a lot unseen unless also using the video screens seating spoilt the overall experience tbh will not book floor seating again if i ever come back to newcastle arena,NEGATIVE,0.9981839060783386,0
Events & Entertainment,www.ticketmaster.co.uk,"Ticketmaster: All your entertainment needs under one virtual roof with tickets for theatre, concerts, sport, family events, clubs and more.",Unfair seating for disabled people ,"I attended as companion with my sister who is profoundly deaf. Unfortunately all disabled seating is grouped together on the SIDE which is not good for visually or hearing impaired. You should he able to book any seat easily anywhere in the venue as able bodied people can and take a companion. We loved the show despite this tho. Generally, it is hard for disabled people to book but it should be easier. ",3,i attended as companion with my sister who is profoundly deaf unfortunately all disabled seating is grouped together on the side which is not good for visually or hearing impaired you should he able to book any seat easily anywhere in the venue as able bodied people can and take a companion we loved the show despite this tho generally it is hard for disabled people to book but it should be easier,NEGATIVE,0.9920273423194885,0
Events & Entertainment,www.ticketmaster.co.uk,"Ticketmaster: All your entertainment needs under one virtual roof with tickets for theatre, concerts, sport, family events, clubs and more.",Why App only tickets!,"If you expect people to use your App to show the tickets at venues, then please ensure the Wifi is decent enough at these venues to cope with additional traffic. Numerous people struggling at Newcastle last night!",3,if you expect people to use your app to show the tickets at venues then please ensure the wifi is decent enough at these venues to cope with additional traffic numerous people struggling at newcastle last night,POSITIVE,0.9943469166755676,1
Events & Entertainment,www.ticketmaster.co.uk,"Ticketmaster: All your entertainment needs under one virtual roof with tickets for theatre, concerts, sport, family events, clubs and more.",Had trouble booking tickets,"Had trouble booking tickets, trying to book 3, but when in checkout only 2 were showing. Kept going back and forth and eventually managed it. On the night realised I had mistakenly booked an earlier show and so had to pay for more tickets with no way to contact ticket master about it ? The venue weren’t interested so a waste of money ! ",3,had trouble booking tickets trying to book but when in checkout only were showing kept going back and forth and eventually managed it on the night realised i had mistakenly booked an earlier show and so had to pay for more tickets with no way to contact ticket master about it the venue weren t interested so a waste of money,NEGATIVE,0.9997703433036804,1
Events & Entertainment,www.ticketmaster.co.uk,"Ticketmaster: All your entertainment needs under one virtual roof with tickets for theatre, concerts, sport, family events, clubs and more.",Money gouging,Money gouging. As usual the ticket face value means nothing due to the avalanche of unavoidable extra charges levied by ticketmaster. Sure the app sorts of works adequately but the lack of choice is galling and takes the enjoyment out of the booking process,3,money gouging as usual the ticket face value means nothing due to the avalanche of unavoidable extra charges levied by ticketmaster sure the app sorts of works adequately but the lack of choice is galling and takes the enjoyment out of the booking process,NEGATIVE,0.8948315382003784,1
Events & Entertainment,www.ticketmaster.co.uk,"Ticketmaster: All your entertainment needs under one virtual roof with tickets for theatre, concerts, sport, family events, clubs and more.",Average experience ,Far too many e mail reminders about the event leading up to it.....remember we used to buy a paper ticket and retain it until entry.....that was it in the good old days.....easy to obtain the dcticket in my wallet though.....we simply do not need multiple reminders sent to us..,3,far too many e mail reminders about the event leading up to it remember we used to buy a paper ticket and retain it until entry that was it in the good old days easy to obtain the dcticket in my wallet though we simply do not need multiple reminders sent to us,NEGATIVE,0.994858980178833,1
Events & Entertainment,www.ticketmaster.co.uk,"Ticketmaster: All your entertainment needs under one virtual roof with tickets for theatre, concerts, sport, family events, clubs and more.",Allow VPN support for security,Impossible to use Ticketmaster with a VPN connection. I always use a VPN when connecting through any public wifi (such as most concert/other event venues) for security.Seems crazy that Ticketmaster force me to be unsecure and disconnect the VPN just to get their app working to show my tickets to the door staff to get in.,3,impossible to use ticketmaster with a vpn connection i always use a vpn when connecting through any public wifi such as most concert other event venues for security seems crazy that ticketmaster force me to be unsecure and disconnect the vpn just to get their app working to show my tickets to the door staff to get in,NEGATIVE,0.9992774128913879,1
Events & Entertainment,www.ticketmaster.co.uk,"Ticketmaster: All your entertainment needs under one virtual roof with tickets for theatre, concerts, sport, family events, clubs and more.",Ticketmaster App does not work at the venue!?,"The Ticketmaster App works at all times except at the venue. We had to go to the ticket office to have ticket printed, though this is not very good. I wonder why!Despite the above, the Les Mis Show was brilliant and top class for Les Mis fans like us !!",3,the ticketmaster app works at all times except at the venue we had to go to the ticket office to have ticket printed though this is not very good i wonder why despite the above the les mis show was brilliant and top class for les mis fans like us,NEGATIVE,0.9969106316566467,1
Events & Entertainment,www.ticketmaster.co.uk,"Ticketmaster: All your entertainment needs under one virtual roof with tickets for theatre, concerts, sport, family events, clubs and more.",Drenched at London NY Day ParadeThe worry associated with not getting…,"The worry associated with not getting access to my tickets until the last minute was unnecessary.  Althing the heavy rain was unavoidable, the front row seating in the VIP grandstands was miserable.  The covering did not cover Row 1 completely so we were literally drenched 1/2 way through the parade.In my seat (Row 1, Seat 18) the runoff   from the water hitting pooling on the tent covering pored directly into my seat.  I missed portions of parade trying to divert it with my umbrella.  By parades end, 3 layers of clothing were drenched.  The parade officials said they would contact TicketMasters UK about refunding the price of the 2 tickets. ",3,the worry associated with not getting access to my tickets until the last minute was unnecessary althing the heavy rain was unavoidable the front row seating in the vip grandstands was miserable the covering did not cover row completely so we were literally drenched way through the parade in my seat row seat the runoff from the water hitting pooling on the tent covering pored directly into my seat i missed portions of parade trying to divert it with my umbrella by parades end layers of clothing were drenched the parade officials said they would contact ticketmasters uk about refunding the price of the tickets,NEGATIVE,0.9994841814041138,1
Events & Entertainment,www.ticketmaster.co.uk,"Ticketmaster: All your entertainment needs under one virtual roof with tickets for theatre, concerts, sport, family events, clubs and more.", Ticket scanning difficulties,"Despite adding my ticket to my wallet as advised, staff at the Arena were unable to scan despite repeated attempts. Luckily a very kind member of staff told me that they sometimes had issues with ticketmaster tickets and allowed me to enter. ",3,despite adding my ticket to my wallet as advised staff at the arena were unable to scan despite repeated attempts luckily a very kind member of staff told me that they sometimes had issues with ticketmaster tickets and allowed me to enter,NEGATIVE,0.9561331868171692,1
Events & Entertainment,www.ticketmaster.co.uk,"Ticketmaster: All your entertainment needs under one virtual roof with tickets for theatre, concerts, sport, family events, clubs and more.",New App,"Not sure about the new app- could have more info like floorplans, venue opening times & facilities. Booking fees are a con ",3,not sure about the new app could have more info like floorplans venue opening times facilities booking fees are a con,NEGATIVE,0.999491810798645,1
Events & Entertainment,www.ticketmaster.co.uk,"Ticketmaster: All your entertainment needs under one virtual roof with tickets for theatre, concerts, sport, family events, clubs and more.",Bought front row tickets but were…,"Bought front row tickets but were facing a big part of the stage that wasn’t being used so had to sit twisted. The view I would say was partial from where we were. Also a really large lady sat next to me and took up half my seat. She should have paid for two seats as she clearly needed it. It was so uncomfortable and I don’t like other people touching me or sharing my space. I have a bad back anyway so this really wasn’t ideal sitting in this position and made worse by the lady next to me, couldn’t even get my arms in by my side.The show was and sounded fantastic for the bit I could see though and would highly recommend. I would love to see it properly though with a better view. I bought the tickets over a year in advance too thinking our seats would be amazing but was very disappointed.",3,bought front row tickets but were facing a big part of the stage that wasn t being used so had to sit twisted the view i would say was partial from where we were also a really large lady sat next to me and took up half my seat she should have paid for two seats as she clearly needed it it was so uncomfortable and i don t like other people touching me or sharing my space i have a bad back anyway so this really wasn t ideal sitting in this position and made worse by the lady next to me couldn t even get my arms in by my side the show was and sounded fantastic for the bit i could see though and would highly recommend i would love to see it properly though with a better view i bought the tickets over a year in advance too thinking our seats would be amazing but was very disappointed,NEGATIVE,0.997812032699585,0
Events & Entertainment,www.ticketmaster.co.uk,"Ticketmaster: All your entertainment needs under one virtual roof with tickets for theatre, concerts, sport, family events, clubs and more.",The ice skating is well organised and…,"Ice skating at Battersea power station: The ice skating is well organised and easy to navigate, the reason I have only given it 3 stars is because the girls and boys serving you your ice skating boots can not bring themselves to look at you or acknowledge you.  My 12 year old son mentioned to me that he had noticed it because it made him feel uncomfortable.  When I made a point of saying ""thank you"" to the girl bringing back my daughter's shoes but she just looked at me like I had 2 heads!! Politeness is free and it makes for a more pleasant experience all round.  When you receive good customer service you remember the experience and you feel really good about spending the money. Perhaps as a matter of course, whilst in training, this could be pointed out to the people serving the public.  I had driven from Norfolk to experience the ice skating at Battersea so perhaps it's a location thing but I STRONGLY don't think so as manners are global.",3,ice skating at battersea power station the ice skating is well organised and easy to navigate the reason i have only given it stars is because the girls and boys serving you your ice skating boots can not bring themselves to look at you or acknowledge you my year old son mentioned to me that he had noticed it because it made him feel uncomfortable when i made a point of saying thank you to the girl bringing back my daughter s shoes but she just looked at me like i had heads politeness is free and it makes for a more pleasant experience all round when you receive good customer service you remember the experience and you feel really good about spending the money perhaps as a matter of course whilst in training this could be pointed out to the people serving the public i had driven from norfolk to experience the ice skating at battersea so perhaps it s a location thing but i strongly don t think so as manners are global,POSITIVE,0.9609505534172058,-1
Events & Entertainment,www.ticketmaster.co.uk,"Ticketmaster: All your entertainment needs under one virtual roof with tickets for theatre, concerts, sport, family events, clubs and more.",Scanner changes ,"Complaint about utilita arena, they changed their scanners recently and are not compatible with ticketmaster bar codes Total shambles ",3,complaint about utilita arena they changed their scanners recently and are not compatible with ticketmaster bar codes total shambles,NEGATIVE,0.9997571110725403,1
Events & Entertainment,www.ticketmaster.co.uk,"Ticketmaster: All your entertainment needs under one virtual roof with tickets for theatre, concerts, sport, family events, clubs and more.",Disappointed,"Disappointed, as when booked tickets 11month ago we were lead to believe there was only one show at Manchester and BOTH Alfie Boe and Michael Ball would be performing on that day (29th Dec) Although the cast was good we wanted to see Alfie Boe as well and that was the reason for booking (like many others we spoke to)I also wish the venue could manage to install some type of handrail or hand post as it is very steep and dangerous. ( I did actually fall on these stairs yesterday)",3,disappointed as when booked tickets month ago we were lead to believe there was only one show at manchester and both alfie boe and michael ball would be performing on that day th dec although the cast was good we wanted to see alfie boe as well and that was the reason for booking like many others we spoke to i also wish the venue could manage to install some type of handrail or hand post as it is very steep and dangerous i did actually fall on these stairs yesterday,NEGATIVE,0.9995773434638977,0
Events & Entertainment,www.ticketmaster.co.uk,"Ticketmaster: All your entertainment needs under one virtual roof with tickets for theatre, concerts, sport, family events, clubs and more.",Painful website lately !,"Website forever asking to create a new password , often unable to gain access. Tried to transfer tickets to my Husband for safety on his phone but he couldn't access his account either !! Lots of people in the ticket resolution queue , luckily our tickets worked on my phone !",3,website forever asking to create a new password often unable to gain access tried to transfer tickets to my husband for safety on his phone but he couldn t access his account either lots of people in the ticket resolution queue luckily our tickets worked on my phone,NEGATIVE,0.9979950189590454,1
Events & Entertainment,www.ticketmaster.co.uk,"Ticketmaster: All your entertainment needs under one virtual roof with tickets for theatre, concerts, sport, family events, clubs and more.",Frustrating experience,"Frustrating experience. Numerous e-mails to advise that we should download our tickets to our Google Wallet (or similar), only to find the venue couldn't scan them this way and we had to log into the Ticketmaster app.We weren't alone in this issue, a lot of people ended up in the same boat.",3,frustrating experience numerous e mails to advise that we should download our tickets to our google wallet or similar only to find the venue couldn t scan them this way and we had to log into the ticketmaster app we weren t alone in this issue a lot of people ended up in the same boat,NEGATIVE,0.9994004964828491,1
Events & Entertainment,www.ticketmaster.co.uk,"Ticketmaster: All your entertainment needs under one virtual roof with tickets for theatre, concerts, sport, family events, clubs and more.",Christmas rocks night 2 ,"Christmas rocks night 2 had a good line up of bands and the bands themselves performed brilliantly,  but unfortunately the sound quality of the whole gig was very poor. The music was much louder than the vocals making it very hard to hear the singer, and at times there was high pitched interference. It was a great shame and we hope the sound issue will be rectified for future performances. ",3,christmas rocks night had a good line up of bands and the bands themselves performed brilliantly but unfortunately the sound quality of the whole gig was very poor the music was much louder than the vocals making it very hard to hear the singer and at times there was high pitched interference it was a great shame and we hope the sound issue will be rectified for future performances,NEGATIVE,0.9984478950500488,0
Events & Entertainment,www.ticketmaster.co.uk,"Ticketmaster: All your entertainment needs under one virtual roof with tickets for theatre, concerts, sport, family events, clubs and more.",Great show shabby arena location,Great showThe arena is dated poor sound qualityAccess for disabled was nil the 1 lift was broken we were told its only 14 steps to the floor we wantedThe staff were unhelpful and unfriendly unsure if they understood English when asked a question sent us to the wrong seats we had to move when the owners arrived1 set of toilets causing a massive queueLet out down a long ramp onto the carpark in use to get to the main entrance very dangerous,3,great showthe arena is dated poor sound qualityaccess for disabled was nil the lift was broken we were told its only steps to the floor we wantedthe staff were unhelpful and unfriendly unsure if they understood english when asked a question sent us to the wrong seats we had to move when the owners arrived set of toilets causing a massive queuelet out down a long ramp onto the carpark in use to get to the main entrance very dangerous,NEGATIVE,0.9997829794883728,0
Events & Entertainment,www.ticketmaster.co.uk,"Ticketmaster: All your entertainment needs under one virtual roof with tickets for theatre, concerts, sport, family events, clubs and more.",The seats in block 301 were too…,"The seats in block 301 were too squashed together couldn’t be comfortable also no leg room spoiled the experience, also only booked to see Michael ball and Alfie boe and assumed they would singing we were at evening of 4th January Newcastle and they’d been on matinee ",3,the seats in block were too squashed together couldn t be comfortable also no leg room spoiled the experience also only booked to see michael ball and alfie boe and assumed they would singing we were at evening of th january newcastle and they d been on matinee,NEGATIVE,0.9986745119094849,0
Events & Entertainment,www.ticketmaster.co.uk,"Ticketmaster: All your entertainment needs under one virtual roof with tickets for theatre, concerts, sport, family events, clubs and more.","Disappointing, smutty jokes and bad language …","We have seen Jack on previous occasions and found him hilarious.  This time, however, we were not impressed with his smutty jokes, frequent use of the F word and even the C word.  This was not funny nor necessary and felt he had let himself down.  The addition of his parents with their cringe worthy behaviour was in very poor taste. Very disappointed.",2,we have seen jack on previous occasions and found him hilarious this time however we were not impressed with his smutty jokes frequent use of the f word and even the c word this was not funny nor necessary and felt he had let himself down the addition of his parents with their cringe worthy behaviour was in very poor taste very disappointed,NEGATIVE,0.9996198415756226,0
Events & Entertainment,www.ticketmaster.co.uk,"Ticketmaster: All your entertainment needs under one virtual roof with tickets for theatre, concerts, sport, family events, clubs and more.",It was not organized in a safe way,It was not organized in a safe way. The event was beautiful but very dangerous because of the gates at the entrance. People started queuing at 5 pm and they weren’t allowed to go in until 8 pm. When they opened the gates everybody Just started running and pushing and it was very dangerous. Never again ,2,it was not organized in a safe way the event was beautiful but very dangerous because of the gates at the entrance people started queuing at pm and they weren t allowed to go in until pm when they opened the gates everybody just started running and pushing and it was very dangerous never again,NEGATIVE,0.9818035364151001,0
Events & Entertainment,www.ticketmaster.co.uk,"Ticketmaster: All your entertainment needs under one virtual roof with tickets for theatre, concerts, sport, family events, clubs and more.",This event was the hugest…,"This event was the hugest disappointment . We live in Amersham, I have seen Les mis 13 times with all key leads and the 25th arena tour in London. I have never seen Michael Ball and Alfie Boe together performing in Les Mis so it was so excited to book this arena tour , sadly the nearest venue for us was Manchester! We decided to do it and complete my dream cast. At huge cost we booked a special night including hotel and the so called champagne experience! This was our experience ….Half a champagne glass of Lanson on entry to a very low key electric lounge…The plate of nibbles was hugely generous for meat eaters.The vegetarian option a sad production of humus, cous cous , stale bread, cold burnt sweet potato and very strange smelling stuffed vine leaves shocking value! To finish our experience off neither  Michael or Alfie were appearing on this production ( this was my entire and only reason for booking ) how can this be managed better to avoid disappointment in the future and a total expenditure of £500 ?",2,this event was the hugest disappointment we live in amersham i have seen les mis times with all key leads and the th arena tour in london i have never seen michael ball and alfie boe together performing in les mis so it was so excited to book this arena tour sadly the nearest venue for us was manchester we decided to do it and complete my dream cast at huge cost we booked a special night including hotel and the so called champagne experience this was our experience half a champagne glass of lanson on entry to a very low key electric lounge the plate of nibbles was hugely generous for meat eaters the vegetarian option a sad production of humus cous cous stale bread cold burnt sweet potato and very strange smelling stuffed vine leaves shocking value to finish our experience off neither michael or alfie were appearing on this production this was my entire and only reason for booking how can this be managed better to avoid disappointment in the future and a total expenditure of,NEGATIVE,0.9991414546966553,0
Events & Entertainment,www.ticketmaster.co.uk,"Ticketmaster: All your entertainment needs under one virtual roof with tickets for theatre, concerts, sport, family events, clubs and more.",Incomplete event info,Ticketmaster only stated 11.30 on their page/tickets for this event. No mention that this was doors open time and that the show would be starting later so we had to stand outside in the freezing wind waiting for the doors to open and then wait inside for an hour and a half before the show began (well actually 2 hours because it started late but that was the venues fault). Very poor communication from ticketmaster,2,ticketmaster only stated on their page tickets for this event no mention that this was doors open time and that the show would be starting later so we had to stand outside in the freezing wind waiting for the doors to open and then wait inside for an hour and a half before the show began well actually hours because it started late but that was the venues fault very poor communication from ticketmaster,NEGATIVE,0.9995514750480652,0
Events & Entertainment,www.ticketmaster.co.uk,"Ticketmaster: All your entertainment needs under one virtual roof with tickets for theatre, concerts, sport, family events, clubs and more.","Buying tickets easy, no after sale support ",Buying the tickets was easy and straightforward but day before the event no digital tickets they were supposed to be available 5 days before the event in the venue App so contacted ticket master for help with this and this is where we was let down couldn’t speak to a real person just a online chat which ended up stating you have to take it up with o2 venue and the chat was ended by ticket master without any help. Customer service is awful ,2,buying the tickets was easy and straightforward but day before the event no digital tickets they were supposed to be available days before the event in the venue app so contacted ticket master for help with this and this is where we was let down couldn t speak to a real person just a online chat which ended up stating you have to take it up with o venue and the chat was ended by ticket master without any help customer service is awful,NEGATIVE,0.9996269941329956,1
Events & Entertainment,www.ticketmaster.co.uk,"Ticketmaster: All your entertainment needs under one virtual roof with tickets for theatre, concerts, sport, family events, clubs and more.",Won’t be rushing back,Finding our seats was not easy. Distinct lack of signpostingWaited for 25 minutes in long queues for food and drinks. Prices were very high There was no notification and we were completely unaware there was entertainment on stage before the show started and we missed it allAnd finally car parking charges are ridiculously expensive at £12Not surprised there were so many empty seats. A very expensive family night out. Won’t be rushing back,2,finding our seats was not easy distinct lack of signpostingwaited for minutes in long queues for food and drinks prices were very high there was no notification and we were completely unaware there was entertainment on stage before the show started and we missed it alland finally car parking charges are ridiculously expensive at not surprised there were so many empty seats a very expensive family night out won t be rushing back,NEGATIVE,0.9983307719230652,0
Events & Entertainment,www.ticketmaster.co.uk,"Ticketmaster: All your entertainment needs under one virtual roof with tickets for theatre, concerts, sport, family events, clubs and more.",Overcrowded and Stressful Skating Experience,"I was really looking forward to enjoying a fun ice skating experience at Glide, but unfortunately, it fell short of expectations. The biggest issue was the overcrowding. There were far too many people crammed into a relatively small rink, making it feel chaotic and unsafe.It was hard to skate properly without bumping into others, and the lack of space made it more stressful than enjoyable. For beginners or anyone hoping for a relaxed experience, this is definitely not ideal. It felt more like a free-for-all than a controlled or well-organized event.I’d suggest the organizers limit the number of people on the ice at any given time for everyone’s safety and enjoyment. As it stands, I wouldn’t recommend it unless you’re very confident on the ice and okay with navigating through crowds.",2,i was really looking forward to enjoying a fun ice skating experience at glide but unfortunately it fell short of expectations the biggest issue was the overcrowding there were far too many people crammed into a relatively small rink making it feel chaotic and unsafe it was hard to skate properly without bumping into others and the lack of space made it more stressful than enjoyable for beginners or anyone hoping for a relaxed experience this is definitely not ideal it felt more like a free for all than a controlled or well organized event i d suggest the organizers limit the number of people on the ice at any given time for everyone s safety and enjoyment as it stands i wouldn t recommend it unless you re very confident on the ice and okay with navigating through crowds,NEGATIVE,0.9995808005332947,-1
Events & Entertainment,www.ticketmaster.co.uk,"Ticketmaster: All your entertainment needs under one virtual roof with tickets for theatre, concerts, sport, family events, clubs and more.",We spent more than we have ever spent…,"We spent more than we have ever spent on tickets before to see Alfie Boe and Michael Ball and have waited since June for this special day, only to find that neither did the show, both having their understudies carrying out the duty. We would not have booked had we have known. We are very disappointed and feel we were mislead at the point of sale.",2,we spent more than we have ever spent on tickets before to see alfie boe and michael ball and have waited since june for this special day only to find that neither did the show both having their understudies carrying out the duty we would not have booked had we have known we are very disappointed and feel we were mislead at the point of sale,NEGATIVE,0.9983077049255371,0
Events & Entertainment,www.ticketmaster.co.uk,"Ticketmaster: All your entertainment needs under one virtual roof with tickets for theatre, concerts, sport, family events, clubs and more.",The timings were not well advised,The timings were not well advised. This appeared advertised as a show starting at 1130 not 1300. However even the show itself delayed by 30 mins both on the evening show and the morning show. The show ended at 4pm. If the timings were better advised we could have better planned (only by chance did I find timings on the Hydro website) ,2,the timings were not well advised this appeared advertised as a show starting at not however even the show itself delayed by mins both on the evening show and the morning show the show ended at pm if the timings were better advised we could have better planned only by chance did i find timings on the hydro website,NEGATIVE,0.9993890523910522,0
Events & Entertainment,www.ticketmaster.co.uk,"Ticketmaster: All your entertainment needs under one virtual roof with tickets for theatre, concerts, sport, family events, clubs and more.",Stupidly I booked the incorrect date…,"Stupidly I booked the incorrect date for this event for my granddaughter. When I contacted you to ask if you would be willing to change the date your answer was no as it was my error, surely you could have showed some compassion and offer me a better solution. I had to rebook costing me another £43",2,stupidly i booked the incorrect date for this event for my granddaughter when i contacted you to ask if you would be willing to change the date your answer was no as it was my error surely you could have showed some compassion and offer me a better solution i had to rebook costing me another,NEGATIVE,0.9996732473373413,1
Events & Entertainment,www.ticketmaster.co.uk,"Ticketmaster: All your entertainment needs under one virtual roof with tickets for theatre, concerts, sport, family events, clubs and more.",Over 20% add on charges,"Was faced with an enforced password change whilst walking to the venue - most stressful.Also disappointed that we could see three top class bands for a £35 ticket (thanks to Paul Heaton), yet were faced with additional charges in excess of 20%.",2,was faced with an enforced password change whilst walking to the venue most stressful also disappointed that we could see three top class bands for a ticket thanks to paul heaton yet were faced with additional charges in excess of,NEGATIVE,0.9992631077766418,1
Events & Entertainment,www.ticketmaster.co.uk,"Ticketmaster: All your entertainment needs under one virtual roof with tickets for theatre, concerts, sport, family events, clubs and more.",Not great!,"I received an email 24 hours prior to the show explaining that I needed to download the tickets which I did, only to be told at the arena doors that the format isn't supported any longer by that particular arena, as Ticketmaster has ceased to deal with them due to a new arena being built in the same city that Ticketmaster now deal with! This was both embarrassing & extremely stressful as I had my 78 year old father with me too, who was worried we wouldn't get to see the show! Luckily, the arena staff were incredibly efficient & professional and our issue was sorted by them! Unlike Ticketmaster who are happy to sell the tickets & take the money but then send incorrect information leaving the consumer looking stupid! Not great at all! ",2,i received an email hours prior to the show explaining that i needed to download the tickets which i did only to be told at the arena doors that the format isn t supported any longer by that particular arena as ticketmaster has ceased to deal with them due to a new arena being built in the same city that ticketmaster now deal with this was both embarrassing extremely stressful as i had my year old father with me too who was worried we wouldn t get to see the show luckily the arena staff were incredibly efficient professional and our issue was sorted by them unlike ticketmaster who are happy to sell the tickets take the money but then send incorrect information leaving the consumer looking stupid not great at all,NEGATIVE,0.999234676361084,1
Events & Entertainment,www.ticketmaster.co.uk,"Ticketmaster: All your entertainment needs under one virtual roof with tickets for theatre, concerts, sport, family events, clubs and more.",Unclear where to access tickets..,"I only went to access my tickets on the day of the concert. This proved stressful as they couldn't be accessed.After trying to contact customer services, I end up with a bot talk.This fortunately led me to a solution of downloading the O2 Venue app where I could access my tickets but none of this was clear and straight forward.It should be more clear that if I buy my tickets with Ticketmaster, I should therefore be able to access them through the same medium",2,i only went to access my tickets on the day of the concert this proved stressful as they couldn t be accessed after trying to contact customer services i end up with a bot talk this fortunately led me to a solution of downloading the o venue app where i could access my tickets but none of this was clear and straight forward it should be more clear that if i buy my tickets with ticketmaster i should therefore be able to access them through the same medium,NEGATIVE,0.999369204044342,1
Events & Entertainment,www.ticketmaster.co.uk,"Ticketmaster: All your entertainment needs under one virtual roof with tickets for theatre, concerts, sport, family events, clubs and more.",The insurance you offer is a nothing short of a scam!,The insurance you offer is a scam!My wife and I both caught Flu and had to miss the concert. The way the claim system is set up is impossible! it demands medical documentation... proof of not being able to work... and!! and!! and!! it's a nightmare web interface... total garbage and taking out insurance is a waste of my money it's clearly designed to make claiming as hard as possible! Anyone thinking of getting tickets insured? forget it! Just an awful experience made as difficult as possible from start to finish!,2,the insurance you offer is a scam my wife and i both caught flu and had to miss the concert the way the claim system is set up is impossible it demands medical documentation proof of not being able to work and and and it s a nightmare web interface total garbage and taking out insurance is a waste of my money it s clearly designed to make claiming as hard as possible anyone thinking of getting tickets insured forget it just an awful experience made as difficult as possible from start to finish,NEGATIVE,0.9998001456260681,1
Events & Entertainment,www.ticketmaster.co.uk,"Ticketmaster: All your entertainment needs under one virtual roof with tickets for theatre, concerts, sport, family events, clubs and more.",We didn’t really enjoyed the show,"We didn’t really enjoyed the show. It was too short to start with. The show consisted in 2 parts of less then 1/2 hour each and sometimes laughs were pretty forced - not even a bit closed to the fun of the Netflix travelling series! (and that was one of the reasons we bought the tickets!)Also, the mother intervention in the show did not feel appropriate. It had nothing to do with the show! Disappointing. I’d not recommend it  ",2,we didn t really enjoyed the show it was too short to start with the show consisted in parts of less then hour each and sometimes laughs were pretty forced not even a bit closed to the fun of the netflix travelling series and that was one of the reasons we bought the tickets also the mother intervention in the show did not feel appropriate it had nothing to do with the show disappointing i d not recommend it,NEGATIVE,0.9990774393081665,-1
Events & Entertainment,www.ticketmaster.co.uk,"Ticketmaster: All your entertainment needs under one virtual roof with tickets for theatre, concerts, sport, family events, clubs and more.",Very unhelpful venue staff refusing…,Very unhelpful venue staff refusing entry to show before start time with no reasonable explanation. Lack of staff at concession stands. Lack of stewards in car park. Venue poor but show was fantastic!!! After unnecessary arguments!,2,very unhelpful venue staff refusing entry to show before start time with no reasonable explanation lack of staff at concession stands lack of stewards in car park venue poor but show was fantastic after unnecessary arguments,POSITIVE,0.9881649017333984,0
Events & Entertainment,www.ticketmaster.co.uk,"Ticketmaster: All your entertainment needs under one virtual roof with tickets for theatre, concerts, sport, family events, clubs and more.",Over sold - sitting on the stairs ,"Easy to purchase tickets.  But, once inside the venue it became quite clearly apparent that they over sold the venue.  I reserved 4 none designated seats however, I ended up seating with half of butt cheek off the seat and my daughter having to sit on the stairs.  The stairs were crowded-with no concerns for from staff on health and safety.  Really disappointing! ",2,easy to purchase tickets but once inside the venue it became quite clearly apparent that they over sold the venue i reserved none designated seats however i ended up seating with half of butt cheek off the seat and my daughter having to sit on the stairs the stairs were crowded with no concerns for from staff on health and safety really disappointing,NEGATIVE,0.9983670115470886,0
Events & Entertainment,www.ticketmaster.co.uk,"Ticketmaster: All your entertainment needs under one virtual roof with tickets for theatre, concerts, sport, family events, clubs and more.",O2 INSTITUTE Shambles of a Venue,"Sharon Shannon and Band performing songs of the Pogues were excellent, but how can a venue even claim to be a night time venue and then have all their draft beer taps turned off? It really destroyed the party atmosphere!!",2,sharon shannon and band performing songs of the pogues were excellent but how can a venue even claim to be a night time venue and then have all their draft beer taps turned off it really destroyed the party atmosphere,NEGATIVE,0.9997063279151917,0
Events & Entertainment,www.ticketmaster.co.uk,"Ticketmaster: All your entertainment needs under one virtual roof with tickets for theatre, concerts, sport, family events, clubs and more.",Why do Ticket master allow people to…,"Why do Ticket master allow people to sell tickets more than there face value?  You try your hardest to buy tickets then find out there all sold out... within a day or two loads come on as resale at a diabolical price !!!  Ticket Master shouldn't allow this, they should be sold at face value to stop people being ripped off. Absolutely disgusting 🤬",2,why do ticket master allow people to sell tickets more than there face value you try your hardest to buy tickets then find out there all sold out within a day or two loads come on as resale at a diabolical price ticket master shouldn t allow this they should be sold at face value to stop people being ripped off absolutely disgusting,NEGATIVE,0.9990559220314026,1
Events & Entertainment,www.ticketmaster.co.uk,"Ticketmaster: All your entertainment needs under one virtual roof with tickets for theatre, concerts, sport, family events, clubs and more.",Trying to get tickets for a major event…,Trying to get tickets for a major event is extremely difficult and stressful. The system needs to be overhauled. The farce of trying to purchase Paul McCartney tickets was reported in the Manchester Evening news. I ended up paying over the face value through Viagogo - isn’t it amazing how they have tickets for sale but Ticketmaster have sold out! My tickets were transferred from a Czech lady same for the two people sitting next to us in the arena. More needs to be done to protect genuine fans from being ripped off. Paul McCartney was FANTASTIC!,2,trying to get tickets for a major event is extremely difficult and stressful the system needs to be overhauled the farce of trying to purchase paul mccartney tickets was reported in the manchester evening news i ended up paying over the face value through viagogo isn t it amazing how they have tickets for sale but ticketmaster have sold out my tickets were transferred from a czech lady same for the two people sitting next to us in the arena more needs to be done to protect genuine fans from being ripped off paul mccartney was fantastic,NEGATIVE,0.9984208345413208,1
Events & Entertainment,www.ticketmaster.co.uk,"Ticketmaster: All your entertainment needs under one virtual roof with tickets for theatre, concerts, sport, family events, clubs and more.",Your T&C are unreasonable and not…,Your T&C are unreasonable and not family friendly.I wanted to change the date of this activity by 1 day the same time with no refund required however we lost our whole booking (6 children ice skating) because your policy would not allow a change. You make enough money off people without scrounging them out of hard earned cash when a situation presents and you are unable to be flexible. ,1,your t c are unreasonable and not family friendly i wanted to change the date of this activity by day the same time with no refund required however we lost our whole booking children ice skating because your policy would not allow a change you make enough money off people without scrounging them out of hard earned cash when a situation presents and you are unable to be flexible,NEGATIVE,0.9996882677078247,1
Events & Entertainment,www.ticketmaster.co.uk,"Ticketmaster: All your entertainment needs under one virtual roof with tickets for theatre, concerts, sport, family events, clubs and more.",Experience lately have been very poor.,Experience lately have been very poor.Between the handling charges and only been able to receive e-tickets rather than paper tickets.Add to this dynamic pricing which is just ridiculous.But most importantly is the constant excuses I have been given about receiving payment after I resold a ticket through their platform.The account was verified weeks ago. I was told to wait 10-12 days and now I'm being told it needs to be processed manually and to wait a further 21 days.I have lost all trust in this company.,1,experience lately have been very poor between the handling charges and only been able to receive e tickets rather than paper tickets add to this dynamic pricing which is just ridiculous but most importantly is the constant excuses i have been given about receiving payment after i resold a ticket through their platform the account was verified weeks ago i was told to wait days and now i m being told it needs to be processed manually and to wait a further days i have lost all trust in this company,NEGATIVE,0.9996019005775452,1
Events & Entertainment,www.ticketmaster.co.uk,"Ticketmaster: All your entertainment needs under one virtual roof with tickets for theatre, concerts, sport, family events, clubs and more.",Worst Show I’ve Ever Seen. ,"Unprofessional production, started 15 minutes late and was boring throughout. We left 40 minutes into act 1 because it was just that bad. The sound production was terrible, we were near the front and could hardly understand what they were singing/saying which really took us out. The script was incredibly unfunny, using crude words in the place of jokes is funny the first time but after a while you’re just beating a dead horse. We only paid £15 each because we were able to get discounted tickets, but even that feels like far too much. I would seek a refund if I couldn’t but as the event was not postponed or cancelled, it is not an option. Throughly disappointing evening and would definitely not recommended. If you wanted to go see a similar show I would recommend you go somewhere local or to an established theatre group where they value professionalism. ",1,unprofessional production started minutes late and was boring throughout we left minutes into act because it was just that bad the sound production was terrible we were near the front and could hardly understand what they were singing saying which really took us out the script was incredibly unfunny using crude words in the place of jokes is funny the first time but after a while you re just beating a dead horse we only paid each because we were able to get discounted tickets but even that feels like far too much i would seek a refund if i couldn t but as the event was not postponed or cancelled it is not an option throughly disappointing evening and would definitely not recommended if you wanted to go see a similar show i would recommend you go somewhere local or to an established theatre group where they value professionalism,NEGATIVE,0.9997342228889465,0
Events & Entertainment,www.ticketmaster.co.uk,"Ticketmaster: All your entertainment needs under one virtual roof with tickets for theatre, concerts, sport, family events, clubs and more.",I wasn’t able to attend due to a last…,I wasn’t able to attend due to a last minute injury which resulted in going to hospital that morning. I contacted to Ticketmaster who didn’t care. They said I could transfer tickets via the Ticketmaster app however when I tried that it said unavailable. Loyal customer no more ,1,i wasn t able to attend due to a last minute injury which resulted in going to hospital that morning i contacted to ticketmaster who didn t care they said i could transfer tickets via the ticketmaster app however when i tried that it said unavailable loyal customer no more,NEGATIVE,0.9995114803314209,1
Events & Entertainment,www.ticketmaster.co.uk,"Ticketmaster: All your entertainment needs under one virtual roof with tickets for theatre, concerts, sport, family events, clubs and more.",Requesting an exchange of tickets. ,Bought tickets as a present and have tried to exchange the tickets due to my partners mum going into hospital after a fall. I’m unable to go again as father in law passed away. Ticketmaster have been unhelpful and asked for hospital documentation which has been sent but had no contact from them since. Have found the company to be very insensitive at this difficult time. ,1,bought tickets as a present and have tried to exchange the tickets due to my partners mum going into hospital after a fall i m unable to go again as father in law passed away ticketmaster have been unhelpful and asked for hospital documentation which has been sent but had no contact from them since have found the company to be very insensitive at this difficult time,NEGATIVE,0.9993743300437927,1
Events & Entertainment,www.ticketmaster.co.uk,"Ticketmaster: All your entertainment needs under one virtual roof with tickets for theatre, concerts, sport, family events, clubs and more.",Great disappointment in Ticketmaster,"Due to a sudden illness, we were unable to attend.  Ticketmaster gave us the offer to resell the tickets.  We were under the impression they would resell them for us, maybe on the evening of the show.This did not happen so we were left with nothing…..and about £220 out of pocket.😣😡",1,due to a sudden illness we were unable to attend ticketmaster gave us the offer to resell the tickets we were under the impression they would resell them for us maybe on the evening of the show this did not happen so we were left with nothing and about out of pocket,NEGATIVE,0.9994402527809143,1
Events & Entertainment,www.ticketmaster.co.uk,"Ticketmaster: All your entertainment needs under one virtual roof with tickets for theatre, concerts, sport, family events, clubs and more.",Discriminatory system,"I find it really difficult that you insist on ticketless and it has to be on the app. I have a disability and only have one arm and the whole process is really unhelpful and is discriminatory against those who don’t have the apps knowledge, capacity or like me have a physical disability which makes this system so hard. I really think you need to rethink and be offering more option to have a ticket you send to people. Sorry but there you are. Very poor customer service",1,i find it really difficult that you insist on ticketless and it has to be on the app i have a disability and only have one arm and the whole process is really unhelpful and is discriminatory against those who don t have the apps knowledge capacity or like me have a physical disability which makes this system so hard i really think you need to rethink and be offering more option to have a ticket you send to people sorry but there you are very poor customer service,NEGATIVE,0.9995940327644348,1
Events & Entertainment,www.ticketmaster.co.uk,"Ticketmaster: All your entertainment needs under one virtual roof with tickets for theatre, concerts, sport, family events, clubs and more.",Massively disappointed,"Massively disappointed, the event (Jurassic World at Trafford) was cancelled on the day. Only by chance found out two hours before as went onto Ticketmaster to check directions. Didn’t receive a text message/email until 1hr 40 before the event would have started.  Very lucky we hadn’t set off to go there - I suspect there must have been many families travelling from further afield who would have arrived to be told it wasn’t going ahead. No apology from Ticketmaster or the event organiser. Just an email stating we’d get a refund. This was the second time our booking for the event had been cancelled so have lost out on two booking fees and got absolutely nothing apart from a huge disappointment. Am just thankful I had delayed telling my kids about the treat after being aware it might be cancelled after the first one was cancelled with no explanation. ",1,massively disappointed the event jurassic world at trafford was cancelled on the day only by chance found out two hours before as went onto ticketmaster to check directions didn t receive a text message email until hr before the event would have started very lucky we hadn t set off to go there i suspect there must have been many families travelling from further afield who would have arrived to be told it wasn t going ahead no apology from ticketmaster or the event organiser just an email stating we d get a refund this was the second time our booking for the event had been cancelled so have lost out on two booking fees and got absolutely nothing apart from a huge disappointment am just thankful i had delayed telling my kids about the treat after being aware it might be cancelled after the first one was cancelled with no explanation,NEGATIVE,0.999526858329773,1
Events & Entertainment,www.ticketmaster.co.uk,"Ticketmaster: All your entertainment needs under one virtual roof with tickets for theatre, concerts, sport, family events, clubs and more.",Appaling Customer Service ,"Arrived on time to be greeted by a poor girl whose job it was to inform people that the event had been cancelled due to the cold weather.Then checked my messages to find a text and email sent 10 minutes before the scheduled tart time to tell me that it was cancelled and I would receive a refund.Then had a little walk around and went back to see if anything had changed and just a note on the door saying it was cancelled.Very poor communication, appalling customer service and still waiting for a refund. A whole day wasted, £40 travelling expenses and two very upset children.I accept that things go wrong but the way this was communicated, handled and followed up was so unprofessional considering the size of the exhibition and cost of the tickets.",1,arrived on time to be greeted by a poor girl whose job it was to inform people that the event had been cancelled due to the cold weather then checked my messages to find a text and email sent minutes before the scheduled tart time to tell me that it was cancelled and i would receive a refund then had a little walk around and went back to see if anything had changed and just a note on the door saying it was cancelled very poor communication appalling customer service and still waiting for a refund a whole day wasted travelling expenses and two very upset children i accept that things go wrong but the way this was communicated handled and followed up was so unprofessional considering the size of the exhibition and cost of the tickets,NEGATIVE,0.9996894598007202,1
Events & Entertainment,www.ticketmaster.co.uk,"Ticketmaster: All your entertainment needs under one virtual roof with tickets for theatre, concerts, sport, family events, clubs and more.",Poor organisation of entry,Doors did not open until 7pm. Queue was 45mins long all around city hall and back again. We were then told the bar was closing. The bar wasn't open during the performance despite it been a standing event. ,1,doors did not open until pm queue was mins long all around city hall and back again we were then told the bar was closing the bar wasn t open during the performance despite it been a standing event,NEGATIVE,0.9971790313720703,-1
Events & Entertainment,www.ticketmaster.co.uk,"Ticketmaster: All your entertainment needs under one virtual roof with tickets for theatre, concerts, sport, family events, clubs and more.",Lost ticket money when too I’ll to attend,I was sick the day before.  Norovirus. I could not travel  Tried unsuccessfully to get info on chat on how to sell my ticket .  All my friends went and I was left at home.  Lost money for ABBA ticket and also money for train ticket.  I’m 65 years old.  Was home alone and unable to navigate how to sell my ticket,1,i was sick the day before norovirus i could not travel tried unsuccessfully to get info on chat on how to sell my ticket all my friends went and i was left at home lost money for abba ticket and also money for train ticket i m years old was home alone and unable to navigate how to sell my ticket,NEGATIVE,0.9996930360794067,1
Events & Entertainment,www.ticketmaster.co.uk,"Ticketmaster: All your entertainment needs under one virtual roof with tickets for theatre, concerts, sport, family events, clubs and more.",This time was wrong as the entire team…,"This time was wrong as the entire team worked at the rink where partying them self and they took No Care of customers , skating themselves fast and recklessly , disrespecting everyone around, I seen lots of people unhappy sadly On top weather wasn’t helping as ice rink surface was melted  and watery, even do the team didn’t let customers enjoy and partying them self on New Year’s night ",1,this time was wrong as the entire team worked at the rink where partying them self and they took no care of customers skating themselves fast and recklessly disrespecting everyone around i seen lots of people unhappy sadly on top weather wasn t helping as ice rink surface was melted and watery even do the team didn t let customers enjoy and partying them self on new year s night,NEGATIVE,0.9997019171714783,-1
Events & Entertainment,www.ticketmaster.co.uk,"Ticketmaster: All your entertainment needs under one virtual roof with tickets for theatre, concerts, sport, family events, clubs and more.",Scam of the year + problematic organization I don't recommend !!!!,"Two tickets for €80 and 10 minutes of fire? The scam of the year! I strongly advise against this unless you want to waste your time and money! To get out and get back to the hotel at 00:10 with thousands of people, you'll need 2 hours to find an open metro station (doing everything on foot, of course) with police officers telling you the opposite. The organization was more than suspicious, and our money was only used to pay the police to block the stations! ",1,two tickets for and minutes of fire the scam of the year i strongly advise against this unless you want to waste your time and money to get out and get back to the hotel at with thousands of people you ll need hours to find an open metro station doing everything on foot of course with police officers telling you the opposite the organization was more than suspicious and our money was only used to pay the police to block the stations,NEGATIVE,0.9992473125457764,1
Events & Entertainment,www.ticketmaster.co.uk,"Ticketmaster: All your entertainment needs under one virtual roof with tickets for theatre, concerts, sport, family events, clubs and more.",First off I chose this specific…,First off I chose this specific performance to see both Michael ball and Alfie Boe perform together which was stated on your website along with the venue and Les Miserables tour arena that they would perform at 1pm on Sunday December 29. Unfortunately Alfie was no where to be seen and we weren't pre warned this was to happen. Also the seating for the floor was too compact and crowded not enough space between seats and leg room. Demand a explanation as to why this occurred and a refund ,1,first off i chose this specific performance to see both michael ball and alfie boe perform together which was stated on your website along with the venue and les miserables tour arena that they would perform at pm on sunday december unfortunately alfie was no where to be seen and we weren t pre warned this was to happen also the seating for the floor was too compact and crowded not enough space between seats and leg room demand a explanation as to why this occurred and a refund,NEGATIVE,0.9990008473396301,0
Events & Entertainment,www.ticketmaster.co.uk,"Ticketmaster: All your entertainment needs under one virtual roof with tickets for theatre, concerts, sport, family events, clubs and more.",Devastated,After traveling 2.5 hours to the event to celebrate my sons 3rd birthday and staying in a hotel to arrive at the event as 11am to find out it’s been cancelled it’s devastating and no communication from the event or ticket master. ,1,after traveling hours to the event to celebrate my sons rd birthday and staying in a hotel to arrive at the event as am to find out it s been cancelled it s devastating and no communication from the event or ticket master,NEGATIVE,0.9997627139091492,1
Events & Entertainment,www.ticketmaster.co.uk,"Ticketmaster: All your entertainment needs under one virtual roof with tickets for theatre, concerts, sport, family events, clubs and more.",Event tickets stated 11.30am start when…,"Event tickets stated 11.30am start when it was 1pm.  Event was further delayed by 35mins after apparently having to wait for a coach to arrive.  Never heard of events been held for people running late before to the detriment of those who were seated on time.  The actual show was horrendous,  shrieking rather than singing and overall very amateur.",1,event tickets stated am start when it was pm event was further delayed by mins after apparently having to wait for a coach to arrive never heard of events been held for people running late before to the detriment of those who were seated on time the actual show was horrendous shrieking rather than singing and overall very amateur,NEGATIVE,0.9994843006134033,-1
Events & Entertainment,www.ticketmaster.co.uk,"Ticketmaster: All your entertainment needs under one virtual roof with tickets for theatre, concerts, sport, family events, clubs and more.",Why is a charity donation emailed as…,"Why is a charity donation emailed as though it’s an event, totally ridiculous. It even had a venue on one email, totally different from the venue for the event for which the donation was included for charity. What are you doing Tocketmaster, totally unprofessional and a waste of time.",1,why is a charity donation emailed as though it s an event totally ridiculous it even had a venue on one email totally different from the venue for the event for which the donation was included for charity what are you doing tocketmaster totally unprofessional and a waste of time,NEGATIVE,0.9997788071632385,1
Events & Entertainment,www.ticketmaster.co.uk,"Ticketmaster: All your entertainment needs under one virtual roof with tickets for theatre, concerts, sport, family events, clubs and more.",Can’t say because it got cancelled the…,Can’t say because it got cancelled the day before we were due to visit my grandson was upset he really wanted to see the dinosaurs ,1,can t say because it got cancelled the day before we were due to visit my grandson was upset he really wanted to see the dinosaurs,NEGATIVE,0.9987021684646606,-1
Events & Entertainment,www.ticketmaster.co.uk,"Ticketmaster: All your entertainment needs under one virtual roof with tickets for theatre, concerts, sport, family events, clubs and more.",Completely baffled !,I have been receiving notifications about an event at Sheffield arena for the last few days and am completely baffled as to why that is ! I’ve now got an email asking me to rate my experience of an event that I didn’t  attend !,1,i have been receiving notifications about an event at sheffield arena for the last few days and am completely baffled as to why that is i ve now got an email asking me to rate my experience of an event that i didn t attend,NEGATIVE,0.9959143996238708,-1
Events & Entertainment,www.ticketmaster.co.uk,"Ticketmaster: All your entertainment needs under one virtual roof with tickets for theatre, concerts, sport, family events, clubs and more.",My tickets were not opening,My tickets were not opening on your app...Your customer service staff advised they could do nothing and to check at the venue....less than helpful...,1,my tickets were not opening on your app your customer service staff advised they could do nothing and to check at the venue less than helpful,NEGATIVE,0.9977447986602783,1
